[
  {
    "title": "Alec Benjamin - Death of a Hero [Official Lyric Video]",
    "videoId": "zPhaUb0YWlQ",
    "url": "https://www.youtube.com/watch?v=zPhaUb0YWlQ",
    "player": "<iframe width=\"480\" height=\"270\" src=\"//www.youtube.com/embed/zPhaUb0YWlQ\" frameborder=\"0\" allow=\"accelerometer; autoplay; clipboard-write; encrypted-media; gyroscope; picture-in-picture; web-share\" allowfullscreen></iframe>"
  },
  {
    "title": "Alec Benjamin - I Built a Friend (MUSIC VIDEO)",
    "videoId": "-nBI-ftWjTc",
    "url": "https://www.youtube.com/watch?v=-nBI-ftWjTc",
    "player": "<iframe width=\"480\" height=\"270\" src=\"//www.youtube.com/embed/-nBI-ftWjTc\" frameborder=\"0\" allow=\"accelerometer; autoplay; clipboard-write; encrypted-media; gyroscope; picture-in-picture; web-share\" allowfullscreen></iframe>"
  },
  {
    "title": "Alec Benjamin - Let Me Down Slowly (feat. Alessia Cara) [Official Music Video]",
    "videoId": "PKonqhZ5PsA",
    "url": "https://www.youtube.com/watch?v=PKonqhZ5PsA",
    "player": "<iframe width=\"480\" height=\"270\" src=\"//www.youtube.com/embed/PKonqhZ5PsA\" frameborder=\"0\" allow=\"accelerometer; autoplay; clipboard-write; encrypted-media; gyroscope; picture-in-picture; web-share\" allowfullscreen></iframe>"
  },
  {
    "title": "All Eyes On Me -- Bo Burnham (from \"Inside\" - album out now)",
    "videoId": "1Rx_p3NW7gQ",
    "url": "https://www.youtube.com/watch?v=1Rx_p3NW7gQ",
    "player": "<iframe width=\"480\" height=\"270\" src=\"//www.youtube.com/embed/1Rx_p3NW7gQ\" frameborder=\"0\" allow=\"accelerometer; autoplay; clipboard-write; encrypted-media; gyroscope; picture-in-picture; web-share\" allowfullscreen></iframe>"
  },
  {
    "title": "Anne-Marie & James Arthur - Rewrite The Stars [from The Greatest Showman: Reimagined]",
    "videoId": "pRfmrE0ToTo",
    "url": "https://www.youtube.com/watch?v=pRfmrE0ToTo",
    "player": "<iframe width=\"480\" height=\"270\" src=\"//www.youtube.com/embed/pRfmrE0ToTo\" frameborder=\"0\" allow=\"accelerometer; autoplay; clipboard-write; encrypted-media; gyroscope; picture-in-picture; web-share\" allowfullscreen></iframe>"
  },
  {
    "title": "Cry Me a River",
    "videoId": "ab6eXLDUq1w",
    "url": "https://www.youtube.com/watch?v=ab6eXLDUq1w",
    "player": "<iframe width=\"480\" height=\"360\" src=\"//www.youtube.com/embed/ab6eXLDUq1w\" frameborder=\"0\" allow=\"accelerometer; autoplay; clipboard-write; encrypted-media; gyroscope; picture-in-picture; web-share\" allowfullscreen></iframe>"
  },
  {
    "title": "Dax - \"The Devil's Calling\" (Official Music Video)",
    "videoId": "zXtHNpT6MJk",
    "url": "https://www.youtube.com/watch?v=zXtHNpT6MJk",
    "player": "<iframe width=\"480\" height=\"270\" src=\"//www.youtube.com/embed/zXtHNpT6MJk\" frameborder=\"0\" allow=\"accelerometer; autoplay; clipboard-write; encrypted-media; gyroscope; picture-in-picture; web-share\" allowfullscreen></iframe>"
  },
  {
    "title": "Declan J Donovan - Numb (Lyrics / Lyric Video)",
    "videoId": "-XpNkA9Akmg",
    "url": "https://www.youtube.com/watch?v=-XpNkA9Akmg",
    "player": "<iframe width=\"480\" height=\"270\" src=\"//www.youtube.com/embed/-XpNkA9Akmg\" frameborder=\"0\" allow=\"accelerometer; autoplay; clipboard-write; encrypted-media; gyroscope; picture-in-picture; web-share\" allowfullscreen></iframe>"
  },
  {
    "title": "Dreams",
    "videoId": "UHnVexu3BNs",
    "url": "https://www.youtube.com/watch?v=UHnVexu3BNs",
    "player": "<iframe width=\"480\" height=\"360\" src=\"//www.youtube.com/embed/UHnVexu3BNs\" frameborder=\"0\" allow=\"accelerometer; autoplay; clipboard-write; encrypted-media; gyroscope; picture-in-picture; web-share\" allowfullscreen></iframe>"
  },
  {
    "title": "FINNEAS - I Lost A Friend (Official Video)",
    "videoId": "3mMVcCMO_Ng",
    "url": "https://www.youtube.com/watch?v=3mMVcCMO_Ng",
    "player": "<iframe width=\"480\" height=\"270\" src=\"//www.youtube.com/embed/3mMVcCMO_Ng\" frameborder=\"0\" allow=\"accelerometer; autoplay; clipboard-write; encrypted-media; gyroscope; picture-in-picture; web-share\" allowfullscreen></iframe>"
  },
  {
    "title": "Forever and Ever and Always",
    "videoId": "ZbrIym9OxKA",
    "url": "https://www.youtube.com/watch?v=ZbrIym9OxKA",
    "player": "<iframe width=\"480\" height=\"360\" src=\"//www.youtube.com/embed/ZbrIym9OxKA\" frameborder=\"0\" allow=\"accelerometer; autoplay; clipboard-write; encrypted-media; gyroscope; picture-in-picture; web-share\" allowfullscreen></iframe>"
  },
  {
    "title": "Gert Taberner - Fallen",
    "videoId": "aCSs8gD6ZXs",
    "url": "https://www.youtube.com/watch?v=aCSs8gD6ZXs",
    "player": "<iframe width=\"480\" height=\"270\" src=\"//www.youtube.com/embed/aCSs8gD6ZXs\" frameborder=\"0\" allow=\"accelerometer; autoplay; clipboard-write; encrypted-media; gyroscope; picture-in-picture; web-share\" allowfullscreen></iframe>"
  },
  {
    "title": "Isak Danielson - Ending (official video)",
    "videoId": "TOIF7KwXetU",
    "url": "https://www.youtube.com/watch?v=TOIF7KwXetU",
    "player": "<iframe width=\"480\" height=\"270\" src=\"//www.youtube.com/embed/TOIF7KwXetU\" frameborder=\"0\" allow=\"accelerometer; autoplay; clipboard-write; encrypted-media; gyroscope; picture-in-picture; web-share\" allowfullscreen></iframe>"
  },
  {
    "title": "Isak Danielson - Power (official video)",
    "videoId": "zIXnT0s0f3s",
    "url": "https://www.youtube.com/watch?v=zIXnT0s0f3s",
    "player": "<iframe width=\"480\" height=\"270\" src=\"//www.youtube.com/embed/zIXnT0s0f3s\" frameborder=\"0\" allow=\"accelerometer; autoplay; clipboard-write; encrypted-media; gyroscope; picture-in-picture; web-share\" allowfullscreen></iframe>"
  },
  {
    "title": "Jacob Lee - I Belong to You (Lyric Video)",
    "videoId": "vtcBNdIq1ms",
    "url": "https://www.youtube.com/watch?v=vtcBNdIq1ms",
    "player": "<iframe width=\"480\" height=\"270\" src=\"//www.youtube.com/embed/vtcBNdIq1ms\" frameborder=\"0\" allow=\"accelerometer; autoplay; clipboard-write; encrypted-media; gyroscope; picture-in-picture; web-share\" allowfullscreen></iframe>"
  },
  {
    "title": "Jacob Lee - Reality (Lyric Video)",
    "videoId": "e59Pue2b6JU",
    "url": "https://www.youtube.com/watch?v=e59Pue2b6JU",
    "player": "<iframe width=\"480\" height=\"270\" src=\"//www.youtube.com/embed/e59Pue2b6JU\" frameborder=\"0\" allow=\"accelerometer; autoplay; clipboard-write; encrypted-media; gyroscope; picture-in-picture; web-share\" allowfullscreen></iframe>"
  },
  {
    "title": "Labrinth - Jealous (Official Video)",
    "videoId": "50VWOBi0VFs",
    "url": "https://www.youtube.com/watch?v=50VWOBi0VFs",
    "player": "<iframe width=\"480\" height=\"270\" src=\"//www.youtube.com/embed/50VWOBi0VFs\" frameborder=\"0\" allow=\"accelerometer; autoplay; clipboard-write; encrypted-media; gyroscope; picture-in-picture; web-share\" allowfullscreen></iframe>"
  },
  {
    "title": "Maroon 5 - Memories (Official Video)",
    "videoId": "SlPhMPnQ58k",
    "url": "https://www.youtube.com/watch?v=SlPhMPnQ58k",
    "player": "<iframe width=\"480\" height=\"270\" src=\"//www.youtube.com/embed/SlPhMPnQ58k\" frameborder=\"0\" allow=\"accelerometer; autoplay; clipboard-write; encrypted-media; gyroscope; picture-in-picture; web-share\" allowfullscreen></iframe>"
  },
  {
    "title": "Matthew West - Truth Be Told (Official Audio)",
    "videoId": "1OLGUW1VHLY",
    "url": "https://www.youtube.com/watch?v=1OLGUW1VHLY",
    "player": "<iframe width=\"480\" height=\"270\" src=\"//www.youtube.com/embed/1OLGUW1VHLY\" frameborder=\"0\" allow=\"accelerometer; autoplay; clipboard-write; encrypted-media; gyroscope; picture-in-picture; web-share\" allowfullscreen></iframe>"
  },
  {
    "title": "Michael Bublé - When I Fall In Love [Official Music Video]",
    "videoId": "d-GNag4m9tk",
    "url": "https://www.youtube.com/watch?v=d-GNag4m9tk",
    "player": "<iframe width=\"480\" height=\"270\" src=\"//www.youtube.com/embed/d-GNag4m9tk\" frameborder=\"0\" allow=\"accelerometer; autoplay; clipboard-write; encrypted-media; gyroscope; picture-in-picture; web-share\" allowfullscreen></iframe>"
  },
  {
    "title": "Nobody But You (Duet with Gwen Stefani)",
    "videoId": "USDBBeVnHE8",
    "url": "https://www.youtube.com/watch?v=USDBBeVnHE8",
    "player": "<iframe width=\"480\" height=\"360\" src=\"//www.youtube.com/embed/USDBBeVnHE8\" frameborder=\"0\" allow=\"accelerometer; autoplay; clipboard-write; encrypted-media; gyroscope; picture-in-picture; web-share\" allowfullscreen></iframe>"
  },
  {
    "title": "Nothing",
    "videoId": "_sL1zwMFE1I",
    "url": "https://www.youtube.com/watch?v=_sL1zwMFE1I",
    "player": "<iframe width=\"480\" height=\"360\" src=\"//www.youtube.com/embed/_sL1zwMFE1I\" frameborder=\"0\" allow=\"accelerometer; autoplay; clipboard-write; encrypted-media; gyroscope; picture-in-picture; web-share\" allowfullscreen></iframe>"
  },
  {
    "title": "Pink Sweat$ - At My Worst (Official Video)",
    "videoId": "8CEJoCr_9UI",
    "url": "https://www.youtube.com/watch?v=8CEJoCr_9UI",
    "player": "<iframe width=\"480\" height=\"270\" src=\"//www.youtube.com/embed/8CEJoCr_9UI\" frameborder=\"0\" allow=\"accelerometer; autoplay; clipboard-write; encrypted-media; gyroscope; picture-in-picture; web-share\" allowfullscreen></iframe>"
  },
  {
    "title": "Seal - Stand By Me",
    "videoId": "f4tTzan4dk4",
    "url": "https://www.youtube.com/watch?v=f4tTzan4dk4",
    "player": "<iframe width=\"480\" height=\"360\" src=\"//www.youtube.com/embed/f4tTzan4dk4\" frameborder=\"0\" allow=\"accelerometer; autoplay; clipboard-write; encrypted-media; gyroscope; picture-in-picture; web-share\" allowfullscreen></iframe>"
  },
  {
    "title": "Shadow Of Mine",
    "videoId": "PsnBsP7sA0o",
    "url": "https://www.youtube.com/watch?v=PsnBsP7sA0o",
    "player": "<iframe width=\"480\" height=\"360\" src=\"//www.youtube.com/embed/PsnBsP7sA0o\" frameborder=\"0\" allow=\"accelerometer; autoplay; clipboard-write; encrypted-media; gyroscope; picture-in-picture; web-share\" allowfullscreen></iframe>"
  },
  {
    "title": "Sting - Fields Of Gold",
    "videoId": "KLVq0IAzh1A",
    "url": "https://www.youtube.com/watch?v=KLVq0IAzh1A",
    "player": "<iframe width=\"480\" height=\"270\" src=\"//www.youtube.com/embed/KLVq0IAzh1A\" frameborder=\"0\" allow=\"accelerometer; autoplay; clipboard-write; encrypted-media; gyroscope; picture-in-picture; web-share\" allowfullscreen></iframe>"
  },
  {
    "title": "The Most Beautiful Thought",
    "videoId": "c5PsWeAOxUI",
    "url": "https://www.youtube.com/watch?v=c5PsWeAOxUI",
    "player": "<iframe width=\"480\" height=\"360\" src=\"//www.youtube.com/embed/c5PsWeAOxUI\" frameborder=\"0\" allow=\"accelerometer; autoplay; clipboard-write; encrypted-media; gyroscope; picture-in-picture; web-share\" allowfullscreen></iframe>"
  },
  {
    "title": "TheFatRat & Laura Brehm - We'll Meet Again",
    "videoId": "hJqYc62NCKo",
    "url": "https://www.youtube.com/watch?v=hJqYc62NCKo",
    "player": "<iframe width=\"480\" height=\"270\" src=\"//www.youtube.com/embed/hJqYc62NCKo\" frameborder=\"0\" allow=\"accelerometer; autoplay; clipboard-write; encrypted-media; gyroscope; picture-in-picture; web-share\" allowfullscreen></iframe>"
  },
  {
    "title": "This Is My Love",
    "videoId": "79d8umdHS-s",
    "url": "https://www.youtube.com/watch?v=79d8umdHS-s",
    "player": "<iframe width=\"480\" height=\"360\" src=\"//www.youtube.com/embed/79d8umdHS-s\" frameborder=\"0\" allow=\"accelerometer; autoplay; clipboard-write; encrypted-media; gyroscope; picture-in-picture; web-share\" allowfullscreen></iframe>"
  },
  {
    "title": "You and I",
    "videoId": "hAYYh9oMx0o",
    "url": "https://www.youtube.com/watch?v=hAYYh9oMx0o",
    "player": "<iframe width=\"480\" height=\"360\" src=\"//www.youtube.com/embed/hAYYh9oMx0o\" frameborder=\"0\" allow=\"accelerometer; autoplay; clipboard-write; encrypted-media; gyroscope; picture-in-picture; web-share\" allowfullscreen></iframe>"
  },
  {
    "title": "You'll Be in My Heart",
    "videoId": "aPSqKHiavoY",
    "url": "https://www.youtube.com/watch?v=aPSqKHiavoY",
    "player": "<iframe width=\"480\" height=\"360\" src=\"//www.youtube.com/embed/aPSqKHiavoY\" frameborder=\"0\" allow=\"accelerometer; autoplay; clipboard-write; encrypted-media; gyroscope; picture-in-picture; web-share\" allowfullscreen></iframe>"
  }
]