"title","videoId","url"
"Lot 6","uJlToNBcf7A","https://www.youtube.com/watch?v=uJlToNBcf7A"
"Lot 13","4E_dprttRlM","https://www.youtube.com/watch?v=4E_dprttRlM"
"Lot 14","UpEk_X-pgBU","https://www.youtube.com/watch?v=UpEk_X-pgBU"
"Lot 15","T1rzdVwhDxQ","https://www.youtube.com/watch?v=T1rzdVwhDxQ"
"Lot 16","Fbc99uPEo2g","https://www.youtube.com/watch?v=Fbc99uPEo2g"
"Lot 17","UYbo6-cBwB0","https://www.youtube.com/watch?v=UYbo6-cBwB0"
"Lot 19","5WjgU98s4DE","https://www.youtube.com/watch?v=5WjgU98s4DE"
"Lot 20","3lAnEpt0RQU","https://www.youtube.com/watch?v=3lAnEpt0RQU"
"Lot 21","Pa3l35BhSBM","https://www.youtube.com/watch?v=Pa3l35BhSBM"
"Lot 22","pUgU4oqh2m8","https://www.youtube.com/watch?v=pUgU4oqh2m8"
"Lot 23","tpzqaUyJDl0","https://www.youtube.com/watch?v=tpzqaUyJDl0"
"Lot 37","ctcADkqKweg","https://www.youtube.com/watch?v=ctcADkqKweg"
"Lot 44","UPkzYSt4Jdo","https://www.youtube.com/watch?v=UPkzYSt4Jdo"
"Lot 46","nbnpDWy9Fyc","https://www.youtube.com/watch?v=nbnpDWy9Fyc"
"Lot 48","dcj2zQ--R9M","https://www.youtube.com/watch?v=dcj2zQ--R9M"
"Lot 49","fKFUhxkN-oU","https://www.youtube.com/watch?v=fKFUhxkN-oU"
"Lot 50","fVJE_Ypk3V0","https://www.youtube.com/watch?v=fVJE_Ypk3V0"
"Lot 51","VuM0wWMpb3o","https://www.youtube.com/watch?v=VuM0wWMpb3o"
"Lot 52","NX5G7QX6k7E","https://www.youtube.com/watch?v=NX5G7QX6k7E"
"Lot 53","xn9ADnnrezk","https://www.youtube.com/watch?v=xn9ADnnrezk"
"Lot 54","Sn1TM9e65Fk","https://www.youtube.com/watch?v=Sn1TM9e65Fk"
"Lot 55","I5QuK070NDM","https://www.youtube.com/watch?v=I5QuK070NDM"
"Lot 61","vSitQDtRoFI","https://www.youtube.com/watch?v=vSitQDtRoFI"
"Lot 62","Ja_sKXUHqps","https://www.youtube.com/watch?v=Ja_sKXUHqps"
"Lot 64","VKevChrMCMk","https://www.youtube.com/watch?v=VKevChrMCMk"
"Lot 4","Q1lvZop9UQA","https://www.youtube.com/watch?v=Q1lvZop9UQA"
"Lot 5","rnHwPTptfaw","https://www.youtube.com/watch?v=rnHwPTptfaw"
"Lot 9","p-N1w-7yPi0","https://www.youtube.com/watch?v=p-N1w-7yPi0"
"Lot 43","PO6Tlu8L9Qw","https://www.youtube.com/watch?v=PO6Tlu8L9Qw"
"Lot 7","qVtDvvoHf8M","https://www.youtube.com/watch?v=qVtDvvoHf8M"
"Lot 30","UKoUW3fnRcg","https://www.youtube.com/watch?v=UKoUW3fnRcg"
"Lot 33","w9cZk-T60eM","https://www.youtube.com/watch?v=w9cZk-T60eM"
"Lot 40","0GOahoIfGyQ","https://www.youtube.com/watch?v=0GOahoIfGyQ"
"Lot 78","Oki5FHEYH_E","https://www.youtube.com/watch?v=Oki5FHEYH_E"
"Deleted video","EYbxAbmOXcs","https://www.youtube.com/watch?v=EYbxAbmOXcs"
"Lot 3","1ppmog87o58","https://www.youtube.com/watch?v=1ppmog87o58"
"Lot 12","g7ZWZ1zHtIU","https://www.youtube.com/watch?v=g7ZWZ1zHtIU"
"Lot 34","MlSFUDThk3Q","https://www.youtube.com/watch?v=MlSFUDThk3Q"
"Lot 36","hi1t-AjvjQU","https://www.youtube.com/watch?v=hi1t-AjvjQU"
"Lot 38","_UiYiPIW05w","https://www.youtube.com/watch?v=_UiYiPIW05w"
"Lot 56","EYj4gkyN9hk","https://www.youtube.com/watch?v=EYj4gkyN9hk"
"Lot 59","GAOYc-d_Am0","https://www.youtube.com/watch?v=GAOYc-d_Am0"
"Lot 18","2XAwa5kloAA","https://www.youtube.com/watch?v=2XAwa5kloAA"
"Lot 1","iZPU7K9fEl8","https://www.youtube.com/watch?v=iZPU7K9fEl8"
"Lot 118","ytoAZ0pcTUw","https://www.youtube.com/watch?v=ytoAZ0pcTUw"
"Lot 119","ohIWOi8Ifa8","https://www.youtube.com/watch?v=ohIWOi8Ifa8"
"Lot 120","LfsSY_hijyM","https://www.youtube.com/watch?v=LfsSY_hijyM"
"Lot 122","_yi8qAHIZ0g","https://www.youtube.com/watch?v=_yi8qAHIZ0g"
"Lot 124","2FwnXGCLthQ","https://www.youtube.com/watch?v=2FwnXGCLthQ"
"Lot 125","iMidUKeE7BA","https://www.youtube.com/watch?v=iMidUKeE7BA"
"Lot 126","ucnD9LhOj8E","https://www.youtube.com/watch?v=ucnD9LhOj8E"
"Lot 138","fLSMZsG8Wdw","https://www.youtube.com/watch?v=fLSMZsG8Wdw"
"Lot 139","xHe8gr1ODsc","https://www.youtube.com/watch?v=xHe8gr1ODsc"
"Lot 140","3IbRH6MaIsI","https://www.youtube.com/watch?v=3IbRH6MaIsI"
"Lot 141","iUkiImc0j_A","https://www.youtube.com/watch?v=iUkiImc0j_A"
"Lot 142","Ya2Pti4O5_I","https://www.youtube.com/watch?v=Ya2Pti4O5_I"
"Lot 143","FspC6vGD-pI","https://www.youtube.com/watch?v=FspC6vGD-pI"
"Lot 144","la0c8AF3dQk","https://www.youtube.com/watch?v=la0c8AF3dQk"
"Lot 145","eWhfMpunhLQ","https://www.youtube.com/watch?v=eWhfMpunhLQ"
"Lot 146","r6H0XOMQtxs","https://www.youtube.com/watch?v=r6H0XOMQtxs"
"Lot 147","CoHstK2PtYI","https://www.youtube.com/watch?v=CoHstK2PtYI"
"Lot 148","rP8hx3FUYzQ","https://www.youtube.com/watch?v=rP8hx3FUYzQ"
"Lot 149","B184WXSzd48","https://www.youtube.com/watch?v=B184WXSzd48"
"Lot 150","r2sZAlJwTEc","https://www.youtube.com/watch?v=r2sZAlJwTEc"
"Lot 113","YS9DRATtE4s","https://www.youtube.com/watch?v=YS9DRATtE4s"
"Lot 114","TPcwFFAVMhk","https://www.youtube.com/watch?v=TPcwFFAVMhk"
"Lot 115","SGG8l1vfjIE","https://www.youtube.com/watch?v=SGG8l1vfjIE"
"Lot 111","jyBfuC68Gyo","https://www.youtube.com/watch?v=jyBfuC68Gyo"
"Lot 112","Pn0QqVWoiU8","https://www.youtube.com/watch?v=Pn0QqVWoiU8"
"Lot 121","m0YyqcwQx3U","https://www.youtube.com/watch?v=m0YyqcwQx3U"
"Lot 123","nis2GMyaKUE","https://www.youtube.com/watch?v=nis2GMyaKUE"
"Lot 129","8pHseo8AUCk","https://www.youtube.com/watch?v=8pHseo8AUCk"
"Lot 132","KiKZDNCgwu4","https://www.youtube.com/watch?v=KiKZDNCgwu4"
"Lot 134","RHowIk-1Teo","https://www.youtube.com/watch?v=RHowIk-1Teo"
"Lot 135","iVGQUdAQcT4","https://www.youtube.com/watch?v=iVGQUdAQcT4"
"Lot 137","GYGvCPbXwJk","https://www.youtube.com/watch?v=GYGvCPbXwJk"
"Lot 117","CifFGcttIuQ","https://www.youtube.com/watch?v=CifFGcttIuQ"
"Lot 128","3NMZIlxFoFE","https://www.youtube.com/watch?v=3NMZIlxFoFE"
"Lot 130","H9L-Wtl45M8","https://www.youtube.com/watch?v=H9L-Wtl45M8"
"Lot 131","sEhqYkZBEa0","https://www.youtube.com/watch?v=sEhqYkZBEa0"
"Lot 133","8B7-A3SjJ0w","https://www.youtube.com/watch?v=8B7-A3SjJ0w"
"Lot 136","ExtBMvHbS-M","https://www.youtube.com/watch?v=ExtBMvHbS-M"
"Lot 31","UnKGA368HfM","https://www.youtube.com/watch?v=UnKGA368HfM"
"Lot 32","hs3KEGB4pI0","https://www.youtube.com/watch?v=hs3KEGB4pI0"
"Lot 35","MKMfqlTbTmA","https://www.youtube.com/watch?v=MKMfqlTbTmA"
"Lot 42","S-ZMqK5VRVY","https://www.youtube.com/watch?v=S-ZMqK5VRVY"
"Lot 2","b7vgCdfisMQ","https://www.youtube.com/watch?v=b7vgCdfisMQ"
"Lot 8","VlAmzQe4h6Q","https://www.youtube.com/watch?v=VlAmzQe4h6Q"
"Lot 10","LKNJqf6HRPM","https://www.youtube.com/watch?v=LKNJqf6HRPM"
"Lot 11","0Z5Y8vJ3oWs","https://www.youtube.com/watch?v=0Z5Y8vJ3oWs"
"Lot 24","4wSUu6Aj5fQ","https://www.youtube.com/watch?v=4wSUu6Aj5fQ"
"Lot 25","f9XHa7O16jM","https://www.youtube.com/watch?v=f9XHa7O16jM"
"Lot 27","ImDxsJy9Haw","https://www.youtube.com/watch?v=ImDxsJy9Haw"
"Lot 28","nDPI-fB21AI","https://www.youtube.com/watch?v=nDPI-fB21AI"
"Lot 29","-UIUnLNT-Kw","https://www.youtube.com/watch?v=-UIUnLNT-Kw"
"Lot 39","NGDoAYKOBlQ","https://www.youtube.com/watch?v=NGDoAYKOBlQ"
"Lot 45","5fQ25u-ijT8","https://www.youtube.com/watch?v=5fQ25u-ijT8"
"Lot 47","PxmM2vGaiRk","https://www.youtube.com/watch?v=PxmM2vGaiRk"
"Lot 57","hbfPabZ37d8","https://www.youtube.com/watch?v=hbfPabZ37d8"
"Lot 58","ww6apmz82ao","https://www.youtube.com/watch?v=ww6apmz82ao"
"Lot 60","s8NCmQaNMl4","https://www.youtube.com/watch?v=s8NCmQaNMl4"
"Lot 63","JApjO2Q3Q_k","https://www.youtube.com/watch?v=JApjO2Q3Q_k"
"Lot 65","V2Loqff7W2Y","https://www.youtube.com/watch?v=V2Loqff7W2Y"
"Lot 66","OPGp0OT7WTE","https://www.youtube.com/watch?v=OPGp0OT7WTE"
"Lot 67","_EckCnIM8S8","https://www.youtube.com/watch?v=_EckCnIM8S8"
"Lot 69","EwVqCiF9kmA","https://www.youtube.com/watch?v=EwVqCiF9kmA"
"Lot 70","86LZWjJILSE","https://www.youtube.com/watch?v=86LZWjJILSE"
"Lot 71","8xVIIZTXlm8","https://www.youtube.com/watch?v=8xVIIZTXlm8"
"Lot 72","SFFqhG8p64o","https://www.youtube.com/watch?v=SFFqhG8p64o"
"Lot 73","mojq7E-Iaus","https://www.youtube.com/watch?v=mojq7E-Iaus"
"Lot 74","l5GPtbCyMeg","https://www.youtube.com/watch?v=l5GPtbCyMeg"
"Lot 75","_IMhmI1yLeQ","https://www.youtube.com/watch?v=_IMhmI1yLeQ"
"Lot 76","Bc1kWnRreBA","https://www.youtube.com/watch?v=Bc1kWnRreBA"
"Lot 77","5kRqNx6ls6w","https://www.youtube.com/watch?v=5kRqNx6ls6w"
"Lot 79","O8ZU62nD9Pw","https://www.youtube.com/watch?v=O8ZU62nD9Pw"
"Lot 80","XE93PSNsZ0Y","https://www.youtube.com/watch?v=XE93PSNsZ0Y"
"Lot 81","3hAvJz08G-k","https://www.youtube.com/watch?v=3hAvJz08G-k"
"Lot 82","1kJhcF_lhcI","https://www.youtube.com/watch?v=1kJhcF_lhcI"
"Lot 83","lHpOv5wQKOA","https://www.youtube.com/watch?v=lHpOv5wQKOA"
"Lot 84","k3SMPRLXcDY","https://www.youtube.com/watch?v=k3SMPRLXcDY"
"Lot 85","ohcX7-yi60s","https://www.youtube.com/watch?v=ohcX7-yi60s"
"Lot 86","hkMmHKYY8wo","https://www.youtube.com/watch?v=hkMmHKYY8wo"
"Lot 87","ajPFSbGm7_o","https://www.youtube.com/watch?v=ajPFSbGm7_o"
"Lot 88","E-5zJbOWPUs","https://www.youtube.com/watch?v=E-5zJbOWPUs"
"Lot 89","07xqkShHjJQ","https://www.youtube.com/watch?v=07xqkShHjJQ"
"Lot 90","wHaV8c14NHE","https://www.youtube.com/watch?v=wHaV8c14NHE"
"Lot 91","fOx6ZTz0N5U","https://www.youtube.com/watch?v=fOx6ZTz0N5U"
"Lot 92","cZYuowYE6wk","https://www.youtube.com/watch?v=cZYuowYE6wk"
"Lot 94","mgxVrl64qCY","https://www.youtube.com/watch?v=mgxVrl64qCY"
"Lot 95","M7dUxfQ4214","https://www.youtube.com/watch?v=M7dUxfQ4214"
"Lot 96","0E_SJpo_8Oo","https://www.youtube.com/watch?v=0E_SJpo_8Oo"
"Lot 97","wpc1Y3yV6lw","https://www.youtube.com/watch?v=wpc1Y3yV6lw"
"Lot 98","kf-3nFmxCG8","https://www.youtube.com/watch?v=kf-3nFmxCG8"
"Lot 99","MOmBvLerqGI","https://www.youtube.com/watch?v=MOmBvLerqGI"
"Lot 100","Mz9Az4hiM2M","https://www.youtube.com/watch?v=Mz9Az4hiM2M"
"Lot 101","EfQxrWCE3Jc","https://www.youtube.com/watch?v=EfQxrWCE3Jc"
"Lot 102","FT3LcVozyOc","https://www.youtube.com/watch?v=FT3LcVozyOc"
"Lot 103","CjznY38TEFU","https://www.youtube.com/watch?v=CjznY38TEFU"
"Lot 104","T8wKT571wwM","https://www.youtube.com/watch?v=T8wKT571wwM"
"Lot 105","WC1UXTR6zG0","https://www.youtube.com/watch?v=WC1UXTR6zG0"
"Lot 106","HKfP6baO1fw","https://www.youtube.com/watch?v=HKfP6baO1fw"
"Lot 107","Y9VtxsA1LDU","https://www.youtube.com/watch?v=Y9VtxsA1LDU"
"Lot 108","uocViEVZEsE","https://www.youtube.com/watch?v=uocViEVZEsE"
"Lot 109","NZPEskjzYLU","https://www.youtube.com/watch?v=NZPEskjzYLU"
"Lot 110","xFRsJAesabc","https://www.youtube.com/watch?v=xFRsJAesabc"
"Lot 1","uGJIs7GIbzM","https://www.youtube.com/watch?v=uGJIs7GIbzM"