[
  {
    "title": "Alec Benjamin - Death of a Hero [Official Lyric Video]",
    "videoId": "zPhaUb0YWlQ",
    "url": "https://www.youtube.com/watch?v=zPhaUb0YWlQ"
  },
  {
    "title": "Alec Benjamin - I Built a Friend (MUSIC VIDEO)",
    "videoId": "-nBI-ftWjTc",
    "url": "https://www.youtube.com/watch?v=-nBI-ftWjTc"
  },
  {
    "title": "Alec Benjamin - Let Me Down Slowly (feat. Alessia Cara) [Official Music Video]",
    "videoId": "PKonqhZ5PsA",
    "url": "https://www.youtube.com/watch?v=PKonqhZ5PsA"
  },
  {
    "title": "All Eyes On Me -- Bo Burnham (from \"Inside\" - album out now)",
    "videoId": "1Rx_p3NW7gQ",
    "url": "https://www.youtube.com/watch?v=1Rx_p3NW7gQ"
  },
  {
    "title": "Anne-Marie & James Arthur - Rewrite The Stars [from The Greatest Showman: Reimagined]",
    "videoId": "pRfmrE0ToTo",
    "url": "https://www.youtube.com/watch?v=pRfmrE0ToTo"
  },
  {
    "title": "Cry Me a River",
    "videoId": "ab6eXLDUq1w",
    "url": "https://www.youtube.com/watch?v=ab6eXLDUq1w"
  },
  {
    "title": "Dax - \"The Devil's Calling\" (Official Music Video)",
    "videoId": "zXtHNpT6MJk",
    "url": "https://www.youtube.com/watch?v=zXtHNpT6MJk"
  },
  {
    "title": "Declan J Donovan - Numb (Lyrics / Lyric Video)",
    "videoId": "-XpNkA9Akmg",
    "url": "https://www.youtube.com/watch?v=-XpNkA9Akmg"
  },
  {
    "title": "Dreams",
    "videoId": "UHnVexu3BNs",
    "url": "https://www.youtube.com/watch?v=UHnVexu3BNs"
  },
  {
    "title": "FINNEAS - I Lost A Friend (Official Video)",
    "videoId": "3mMVcCMO_Ng",
    "url": "https://www.youtube.com/watch?v=3mMVcCMO_Ng"
  },
  {
    "title": "Forever and Ever and Always",
    "videoId": "ZbrIym9OxKA",
    "url": "https://www.youtube.com/watch?v=ZbrIym9OxKA"
  },
  {
    "title": "Gert Taberner - Fallen",
    "videoId": "aCSs8gD6ZXs",
    "url": "https://www.youtube.com/watch?v=aCSs8gD6ZXs"
  },
  {
    "title": "Isak Danielson - Ending (official video)",
    "videoId": "TOIF7KwXetU",
    "url": "https://www.youtube.com/watch?v=TOIF7KwXetU"
  },
  {
    "title": "Isak Danielson - Power (official video)",
    "videoId": "zIXnT0s0f3s",
    "url": "https://www.youtube.com/watch?v=zIXnT0s0f3s"
  },
  {
    "title": "Jacob Lee - I Belong to You (Lyric Video)",
    "videoId": "vtcBNdIq1ms",
    "url": "https://www.youtube.com/watch?v=vtcBNdIq1ms"
  },
  {
    "title": "Jacob Lee - Reality (Lyric Video)",
    "videoId": "e59Pue2b6JU",
    "url": "https://www.youtube.com/watch?v=e59Pue2b6JU"
  },
  {
    "title": "Labrinth - Jealous (Official Video)",
    "videoId": "50VWOBi0VFs",
    "url": "https://www.youtube.com/watch?v=50VWOBi0VFs"
  },
  {
    "title": "Maroon 5 - Memories (Official Video)",
    "videoId": "SlPhMPnQ58k",
    "url": "https://www.youtube.com/watch?v=SlPhMPnQ58k"
  },
  {
    "title": "Matthew West - Truth Be Told (Official Audio)",
    "videoId": "1OLGUW1VHLY",
    "url": "https://www.youtube.com/watch?v=1OLGUW1VHLY"
  },
  {
    "title": "Michael Bublé - When I Fall In Love [Official Music Video]",
    "videoId": "d-GNag4m9tk",
    "url": "https://www.youtube.com/watch?v=d-GNag4m9tk"
  },
  {
    "title": "Nobody But You (Duet with Gwen Stefani)",
    "videoId": "USDBBeVnHE8",
    "url": "https://www.youtube.com/watch?v=USDBBeVnHE8"
  },
  {
    "title": "Nothing",
    "videoId": "_sL1zwMFE1I",
    "url": "https://www.youtube.com/watch?v=_sL1zwMFE1I"
  },
  {
    "title": "Pink Sweat$ - At My Worst (Official Video)",
    "videoId": "8CEJoCr_9UI",
    "url": "https://www.youtube.com/watch?v=8CEJoCr_9UI"
  },
  {
    "title": "Private video",
    "videoId": "azN9FfjsjEY",
    "url": "https://www.youtube.com/watch?v=azN9FfjsjEY"
  },
  {
    "title": "Seal - Stand By Me",
    "videoId": "f4tTzan4dk4",
    "url": "https://www.youtube.com/watch?v=f4tTzan4dk4"
  },
  {
    "title": "Shadow Of Mine",
    "videoId": "PsnBsP7sA0o",
    "url": "https://www.youtube.com/watch?v=PsnBsP7sA0o"
  },
  {
    "title": "Sting - Fields Of Gold",
    "videoId": "KLVq0IAzh1A",
    "url": "https://www.youtube.com/watch?v=KLVq0IAzh1A"
  },
  {
    "title": "The Most Beautiful Thought",
    "videoId": "c5PsWeAOxUI",
    "url": "https://www.youtube.com/watch?v=c5PsWeAOxUI"
  },
  {
    "title": "TheFatRat & Laura Brehm - We'll Meet Again",
    "videoId": "hJqYc62NCKo",
    "url": "https://www.youtube.com/watch?v=hJqYc62NCKo"
  },
  {
    "title": "This Is My Love",
    "videoId": "79d8umdHS-s",
    "url": "https://www.youtube.com/watch?v=79d8umdHS-s"
  },
  {
    "title": "You and I",
    "videoId": "hAYYh9oMx0o",
    "url": "https://www.youtube.com/watch?v=hAYYh9oMx0o"
  },
  {
    "title": "You'll Be in My Heart",
    "videoId": "aPSqKHiavoY",
    "url": "https://www.youtube.com/watch?v=aPSqKHiavoY"
  }
]