[
  {
    "title": "Lot 6",
    "videoId": "uJlToNBcf7A",
    "url": "https://www.youtube.com/watch?v=uJlToNBcf7A"
  },
  {
    "title": "Lot 13",
    "videoId": "4E_dprttRlM",
    "url": "https://www.youtube.com/watch?v=4E_dprttRlM"
  },
  {
    "title": "Lot 14",
    "videoId": "UpEk_X-pgBU",
    "url": "https://www.youtube.com/watch?v=UpEk_X-pgBU"
  },
  {
    "title": "Lot 15",
    "videoId": "T1rzdVwhDxQ",
    "url": "https://www.youtube.com/watch?v=T1rzdVwhDxQ"
  },
  {
    "title": "Lot 16",
    "videoId": "Fbc99uPEo2g",
    "url": "https://www.youtube.com/watch?v=Fbc99uPEo2g"
  },
  {
    "title": "Lot 17",
    "videoId": "UYbo6-cBwB0",
    "url": "https://www.youtube.com/watch?v=UYbo6-cBwB0"
  },
  {
    "title": "Lot 19",
    "videoId": "5WjgU98s4DE",
    "url": "https://www.youtube.com/watch?v=5WjgU98s4DE"
  },
  {
    "title": "Lot 20",
    "videoId": "3lAnEpt0RQU",
    "url": "https://www.youtube.com/watch?v=3lAnEpt0RQU"
  },
  {
    "title": "Lot 21",
    "videoId": "Pa3l35BhSBM",
    "url": "https://www.youtube.com/watch?v=Pa3l35BhSBM"
  },
  {
    "title": "Lot 22",
    "videoId": "pUgU4oqh2m8",
    "url": "https://www.youtube.com/watch?v=pUgU4oqh2m8"
  },
  {
    "title": "Lot 23",
    "videoId": "tpzqaUyJDl0",
    "url": "https://www.youtube.com/watch?v=tpzqaUyJDl0"
  },
  {
    "title": "Lot 37",
    "videoId": "ctcADkqKweg",
    "url": "https://www.youtube.com/watch?v=ctcADkqKweg"
  },
  {
    "title": "Lot 44",
    "videoId": "UPkzYSt4Jdo",
    "url": "https://www.youtube.com/watch?v=UPkzYSt4Jdo"
  },
  {
    "title": "Lot 46",
    "videoId": "nbnpDWy9Fyc",
    "url": "https://www.youtube.com/watch?v=nbnpDWy9Fyc"
  },
  {
    "title": "Lot 48",
    "videoId": "dcj2zQ--R9M",
    "url": "https://www.youtube.com/watch?v=dcj2zQ--R9M"
  },
  {
    "title": "Lot 49",
    "videoId": "fKFUhxkN-oU",
    "url": "https://www.youtube.com/watch?v=fKFUhxkN-oU"
  },
  {
    "title": "Lot 50",
    "videoId": "fVJE_Ypk3V0",
    "url": "https://www.youtube.com/watch?v=fVJE_Ypk3V0"
  },
  {
    "title": "Lot 51",
    "videoId": "VuM0wWMpb3o",
    "url": "https://www.youtube.com/watch?v=VuM0wWMpb3o"
  },
  {
    "title": "Lot 52",
    "videoId": "NX5G7QX6k7E",
    "url": "https://www.youtube.com/watch?v=NX5G7QX6k7E"
  },
  {
    "title": "Lot 53",
    "videoId": "xn9ADnnrezk",
    "url": "https://www.youtube.com/watch?v=xn9ADnnrezk"
  },
  {
    "title": "Lot 54",
    "videoId": "Sn1TM9e65Fk",
    "url": "https://www.youtube.com/watch?v=Sn1TM9e65Fk"
  },
  {
    "title": "Lot 55",
    "videoId": "I5QuK070NDM",
    "url": "https://www.youtube.com/watch?v=I5QuK070NDM"
  },
  {
    "title": "Lot 61",
    "videoId": "vSitQDtRoFI",
    "url": "https://www.youtube.com/watch?v=vSitQDtRoFI"
  },
  {
    "title": "Lot 62",
    "videoId": "Ja_sKXUHqps",
    "url": "https://www.youtube.com/watch?v=Ja_sKXUHqps"
  },
  {
    "title": "Lot 64",
    "videoId": "VKevChrMCMk",
    "url": "https://www.youtube.com/watch?v=VKevChrMCMk"
  },
  {
    "title": "Lot 4",
    "videoId": "Q1lvZop9UQA",
    "url": "https://www.youtube.com/watch?v=Q1lvZop9UQA"
  },
  {
    "title": "Lot 5",
    "videoId": "rnHwPTptfaw",
    "url": "https://www.youtube.com/watch?v=rnHwPTptfaw"
  },
  {
    "title": "Lot 9",
    "videoId": "p-N1w-7yPi0",
    "url": "https://www.youtube.com/watch?v=p-N1w-7yPi0"
  },
  {
    "title": "Lot 43",
    "videoId": "PO6Tlu8L9Qw",
    "url": "https://www.youtube.com/watch?v=PO6Tlu8L9Qw"
  },
  {
    "title": "Lot 7",
    "videoId": "qVtDvvoHf8M",
    "url": "https://www.youtube.com/watch?v=qVtDvvoHf8M"
  },
  {
    "title": "Lot 30",
    "videoId": "UKoUW3fnRcg",
    "url": "https://www.youtube.com/watch?v=UKoUW3fnRcg"
  },
  {
    "title": "Lot 33",
    "videoId": "w9cZk-T60eM",
    "url": "https://www.youtube.com/watch?v=w9cZk-T60eM"
  },
  {
    "title": "Lot 40",
    "videoId": "0GOahoIfGyQ",
    "url": "https://www.youtube.com/watch?v=0GOahoIfGyQ"
  },
  {
    "title": "Lot 78",
    "videoId": "Oki5FHEYH_E",
    "url": "https://www.youtube.com/watch?v=Oki5FHEYH_E"
  },
  {
    "title": "Deleted video",
    "videoId": "EYbxAbmOXcs",
    "url": "https://www.youtube.com/watch?v=EYbxAbmOXcs"
  },
  {
    "title": "Lot 3",
    "videoId": "1ppmog87o58",
    "url": "https://www.youtube.com/watch?v=1ppmog87o58"
  },
  {
    "title": "Lot 12",
    "videoId": "g7ZWZ1zHtIU",
    "url": "https://www.youtube.com/watch?v=g7ZWZ1zHtIU"
  },
  {
    "title": "Lot 34",
    "videoId": "MlSFUDThk3Q",
    "url": "https://www.youtube.com/watch?v=MlSFUDThk3Q"
  },
  {
    "title": "Lot 36",
    "videoId": "hi1t-AjvjQU",
    "url": "https://www.youtube.com/watch?v=hi1t-AjvjQU"
  },
  {
    "title": "Lot 38",
    "videoId": "_UiYiPIW05w",
    "url": "https://www.youtube.com/watch?v=_UiYiPIW05w"
  },
  {
    "title": "Lot 56",
    "videoId": "EYj4gkyN9hk",
    "url": "https://www.youtube.com/watch?v=EYj4gkyN9hk"
  },
  {
    "title": "Lot 59",
    "videoId": "GAOYc-d_Am0",
    "url": "https://www.youtube.com/watch?v=GAOYc-d_Am0"
  },
  {
    "title": "Lot 18",
    "videoId": "2XAwa5kloAA",
    "url": "https://www.youtube.com/watch?v=2XAwa5kloAA"
  },
  {
    "title": "Lot 1",
    "videoId": "iZPU7K9fEl8",
    "url": "https://www.youtube.com/watch?v=iZPU7K9fEl8"
  },
  {
    "title": "Lot 118",
    "videoId": "ytoAZ0pcTUw",
    "url": "https://www.youtube.com/watch?v=ytoAZ0pcTUw"
  },
  {
    "title": "Lot 119",
    "videoId": "ohIWOi8Ifa8",
    "url": "https://www.youtube.com/watch?v=ohIWOi8Ifa8"
  },
  {
    "title": "Lot 120",
    "videoId": "LfsSY_hijyM",
    "url": "https://www.youtube.com/watch?v=LfsSY_hijyM"
  },
  {
    "title": "Lot 122",
    "videoId": "_yi8qAHIZ0g",
    "url": "https://www.youtube.com/watch?v=_yi8qAHIZ0g"
  },
  {
    "title": "Lot 124",
    "videoId": "2FwnXGCLthQ",
    "url": "https://www.youtube.com/watch?v=2FwnXGCLthQ"
  },
  {
    "title": "Lot 125",
    "videoId": "iMidUKeE7BA",
    "url": "https://www.youtube.com/watch?v=iMidUKeE7BA"
  },
  {
    "title": "Lot 126",
    "videoId": "ucnD9LhOj8E",
    "url": "https://www.youtube.com/watch?v=ucnD9LhOj8E"
  },
  {
    "title": "Lot 138",
    "videoId": "fLSMZsG8Wdw",
    "url": "https://www.youtube.com/watch?v=fLSMZsG8Wdw"
  },
  {
    "title": "Lot 139",
    "videoId": "xHe8gr1ODsc",
    "url": "https://www.youtube.com/watch?v=xHe8gr1ODsc"
  },
  {
    "title": "Lot 140",
    "videoId": "3IbRH6MaIsI",
    "url": "https://www.youtube.com/watch?v=3IbRH6MaIsI"
  },
  {
    "title": "Lot 141",
    "videoId": "iUkiImc0j_A",
    "url": "https://www.youtube.com/watch?v=iUkiImc0j_A"
  },
  {
    "title": "Lot 142",
    "videoId": "Ya2Pti4O5_I",
    "url": "https://www.youtube.com/watch?v=Ya2Pti4O5_I"
  },
  {
    "title": "Lot 143",
    "videoId": "FspC6vGD-pI",
    "url": "https://www.youtube.com/watch?v=FspC6vGD-pI"
  },
  {
    "title": "Lot 144",
    "videoId": "la0c8AF3dQk",
    "url": "https://www.youtube.com/watch?v=la0c8AF3dQk"
  },
  {
    "title": "Lot 145",
    "videoId": "eWhfMpunhLQ",
    "url": "https://www.youtube.com/watch?v=eWhfMpunhLQ"
  },
  {
    "title": "Lot 146",
    "videoId": "r6H0XOMQtxs",
    "url": "https://www.youtube.com/watch?v=r6H0XOMQtxs"
  },
  {
    "title": "Lot 147",
    "videoId": "CoHstK2PtYI",
    "url": "https://www.youtube.com/watch?v=CoHstK2PtYI"
  },
  {
    "title": "Lot 148",
    "videoId": "rP8hx3FUYzQ",
    "url": "https://www.youtube.com/watch?v=rP8hx3FUYzQ"
  },
  {
    "title": "Lot 149",
    "videoId": "B184WXSzd48",
    "url": "https://www.youtube.com/watch?v=B184WXSzd48"
  },
  {
    "title": "Lot 150",
    "videoId": "r2sZAlJwTEc",
    "url": "https://www.youtube.com/watch?v=r2sZAlJwTEc"
  },
  {
    "title": "Lot 113",
    "videoId": "YS9DRATtE4s",
    "url": "https://www.youtube.com/watch?v=YS9DRATtE4s"
  },
  {
    "title": "Lot 114",
    "videoId": "TPcwFFAVMhk",
    "url": "https://www.youtube.com/watch?v=TPcwFFAVMhk"
  },
  {
    "title": "Lot 115",
    "videoId": "SGG8l1vfjIE",
    "url": "https://www.youtube.com/watch?v=SGG8l1vfjIE"
  },
  {
    "title": "Lot 111",
    "videoId": "jyBfuC68Gyo",
    "url": "https://www.youtube.com/watch?v=jyBfuC68Gyo"
  },
  {
    "title": "Lot 112",
    "videoId": "Pn0QqVWoiU8",
    "url": "https://www.youtube.com/watch?v=Pn0QqVWoiU8"
  },
  {
    "title": "Lot 121",
    "videoId": "m0YyqcwQx3U",
    "url": "https://www.youtube.com/watch?v=m0YyqcwQx3U"
  },
  {
    "title": "Lot 123",
    "videoId": "nis2GMyaKUE",
    "url": "https://www.youtube.com/watch?v=nis2GMyaKUE"
  },
  {
    "title": "Lot 129",
    "videoId": "8pHseo8AUCk",
    "url": "https://www.youtube.com/watch?v=8pHseo8AUCk"
  },
  {
    "title": "Lot 132",
    "videoId": "KiKZDNCgwu4",
    "url": "https://www.youtube.com/watch?v=KiKZDNCgwu4"
  },
  {
    "title": "Lot 134",
    "videoId": "RHowIk-1Teo",
    "url": "https://www.youtube.com/watch?v=RHowIk-1Teo"
  },
  {
    "title": "Lot 135",
    "videoId": "iVGQUdAQcT4",
    "url": "https://www.youtube.com/watch?v=iVGQUdAQcT4"
  },
  {
    "title": "Lot 137",
    "videoId": "GYGvCPbXwJk",
    "url": "https://www.youtube.com/watch?v=GYGvCPbXwJk"
  },
  {
    "title": "Lot 117",
    "videoId": "CifFGcttIuQ",
    "url": "https://www.youtube.com/watch?v=CifFGcttIuQ"
  },
  {
    "title": "Lot 128",
    "videoId": "3NMZIlxFoFE",
    "url": "https://www.youtube.com/watch?v=3NMZIlxFoFE"
  },
  {
    "title": "Lot 130",
    "videoId": "H9L-Wtl45M8",
    "url": "https://www.youtube.com/watch?v=H9L-Wtl45M8"
  },
  {
    "title": "Lot 131",
    "videoId": "sEhqYkZBEa0",
    "url": "https://www.youtube.com/watch?v=sEhqYkZBEa0"
  },
  {
    "title": "Lot 133",
    "videoId": "8B7-A3SjJ0w",
    "url": "https://www.youtube.com/watch?v=8B7-A3SjJ0w"
  },
  {
    "title": "Lot 136",
    "videoId": "ExtBMvHbS-M",
    "url": "https://www.youtube.com/watch?v=ExtBMvHbS-M"
  },
  {
    "title": "Lot 31",
    "videoId": "UnKGA368HfM",
    "url": "https://www.youtube.com/watch?v=UnKGA368HfM"
  },
  {
    "title": "Lot 32",
    "videoId": "hs3KEGB4pI0",
    "url": "https://www.youtube.com/watch?v=hs3KEGB4pI0"
  },
  {
    "title": "Lot 35",
    "videoId": "MKMfqlTbTmA",
    "url": "https://www.youtube.com/watch?v=MKMfqlTbTmA"
  },
  {
    "title": "Lot 42",
    "videoId": "S-ZMqK5VRVY",
    "url": "https://www.youtube.com/watch?v=S-ZMqK5VRVY"
  },
  {
    "title": "Lot 2",
    "videoId": "b7vgCdfisMQ",
    "url": "https://www.youtube.com/watch?v=b7vgCdfisMQ"
  },
  {
    "title": "Lot 8",
    "videoId": "VlAmzQe4h6Q",
    "url": "https://www.youtube.com/watch?v=VlAmzQe4h6Q"
  },
  {
    "title": "Lot 10",
    "videoId": "LKNJqf6HRPM",
    "url": "https://www.youtube.com/watch?v=LKNJqf6HRPM"
  },
  {
    "title": "Lot 11",
    "videoId": "0Z5Y8vJ3oWs",
    "url": "https://www.youtube.com/watch?v=0Z5Y8vJ3oWs"
  },
  {
    "title": "Lot 24",
    "videoId": "4wSUu6Aj5fQ",
    "url": "https://www.youtube.com/watch?v=4wSUu6Aj5fQ"
  },
  {
    "title": "Lot 25",
    "videoId": "f9XHa7O16jM",
    "url": "https://www.youtube.com/watch?v=f9XHa7O16jM"
  },
  {
    "title": "Lot 27",
    "videoId": "ImDxsJy9Haw",
    "url": "https://www.youtube.com/watch?v=ImDxsJy9Haw"
  },
  {
    "title": "Lot 28",
    "videoId": "nDPI-fB21AI",
    "url": "https://www.youtube.com/watch?v=nDPI-fB21AI"
  },
  {
    "title": "Lot 29",
    "videoId": "-UIUnLNT-Kw",
    "url": "https://www.youtube.com/watch?v=-UIUnLNT-Kw"
  },
  {
    "title": "Lot 39",
    "videoId": "NGDoAYKOBlQ",
    "url": "https://www.youtube.com/watch?v=NGDoAYKOBlQ"
  },
  {
    "title": "Lot 45",
    "videoId": "5fQ25u-ijT8",
    "url": "https://www.youtube.com/watch?v=5fQ25u-ijT8"
  },
  {
    "title": "Lot 47",
    "videoId": "PxmM2vGaiRk",
    "url": "https://www.youtube.com/watch?v=PxmM2vGaiRk"
  },
  {
    "title": "Lot 57",
    "videoId": "hbfPabZ37d8",
    "url": "https://www.youtube.com/watch?v=hbfPabZ37d8"
  },
  {
    "title": "Lot 58",
    "videoId": "ww6apmz82ao",
    "url": "https://www.youtube.com/watch?v=ww6apmz82ao"
  },
  {
    "title": "Lot 60",
    "videoId": "s8NCmQaNMl4",
    "url": "https://www.youtube.com/watch?v=s8NCmQaNMl4"
  },
  {
    "title": "Lot 63",
    "videoId": "JApjO2Q3Q_k",
    "url": "https://www.youtube.com/watch?v=JApjO2Q3Q_k"
  },
  {
    "title": "Lot 65",
    "videoId": "V2Loqff7W2Y",
    "url": "https://www.youtube.com/watch?v=V2Loqff7W2Y"
  },
  {
    "title": "Lot 66",
    "videoId": "OPGp0OT7WTE",
    "url": "https://www.youtube.com/watch?v=OPGp0OT7WTE"
  },
  {
    "title": "Lot 67",
    "videoId": "_EckCnIM8S8",
    "url": "https://www.youtube.com/watch?v=_EckCnIM8S8"
  },
  {
    "title": "Lot 69",
    "videoId": "EwVqCiF9kmA",
    "url": "https://www.youtube.com/watch?v=EwVqCiF9kmA"
  },
  {
    "title": "Lot 70",
    "videoId": "86LZWjJILSE",
    "url": "https://www.youtube.com/watch?v=86LZWjJILSE"
  },
  {
    "title": "Lot 71",
    "videoId": "8xVIIZTXlm8",
    "url": "https://www.youtube.com/watch?v=8xVIIZTXlm8"
  },
  {
    "title": "Lot 72",
    "videoId": "SFFqhG8p64o",
    "url": "https://www.youtube.com/watch?v=SFFqhG8p64o"
  },
  {
    "title": "Lot 73",
    "videoId": "mojq7E-Iaus",
    "url": "https://www.youtube.com/watch?v=mojq7E-Iaus"
  },
  {
    "title": "Lot 74",
    "videoId": "l5GPtbCyMeg",
    "url": "https://www.youtube.com/watch?v=l5GPtbCyMeg"
  },
  {
    "title": "Lot 75",
    "videoId": "_IMhmI1yLeQ",
    "url": "https://www.youtube.com/watch?v=_IMhmI1yLeQ"
  },
  {
    "title": "Lot 76",
    "videoId": "Bc1kWnRreBA",
    "url": "https://www.youtube.com/watch?v=Bc1kWnRreBA"
  },
  {
    "title": "Lot 77",
    "videoId": "5kRqNx6ls6w",
    "url": "https://www.youtube.com/watch?v=5kRqNx6ls6w"
  },
  {
    "title": "Lot 79",
    "videoId": "O8ZU62nD9Pw",
    "url": "https://www.youtube.com/watch?v=O8ZU62nD9Pw"
  },
  {
    "title": "Lot 80",
    "videoId": "XE93PSNsZ0Y",
    "url": "https://www.youtube.com/watch?v=XE93PSNsZ0Y"
  },
  {
    "title": "Lot 81",
    "videoId": "3hAvJz08G-k",
    "url": "https://www.youtube.com/watch?v=3hAvJz08G-k"
  },
  {
    "title": "Lot 82",
    "videoId": "1kJhcF_lhcI",
    "url": "https://www.youtube.com/watch?v=1kJhcF_lhcI"
  },
  {
    "title": "Lot 83",
    "videoId": "lHpOv5wQKOA",
    "url": "https://www.youtube.com/watch?v=lHpOv5wQKOA"
  },
  {
    "title": "Lot 84",
    "videoId": "k3SMPRLXcDY",
    "url": "https://www.youtube.com/watch?v=k3SMPRLXcDY"
  },
  {
    "title": "Lot 85",
    "videoId": "ohcX7-yi60s",
    "url": "https://www.youtube.com/watch?v=ohcX7-yi60s"
  },
  {
    "title": "Lot 86",
    "videoId": "hkMmHKYY8wo",
    "url": "https://www.youtube.com/watch?v=hkMmHKYY8wo"
  },
  {
    "title": "Lot 87",
    "videoId": "ajPFSbGm7_o",
    "url": "https://www.youtube.com/watch?v=ajPFSbGm7_o"
  },
  {
    "title": "Lot 88",
    "videoId": "E-5zJbOWPUs",
    "url": "https://www.youtube.com/watch?v=E-5zJbOWPUs"
  },
  {
    "title": "Lot 89",
    "videoId": "07xqkShHjJQ",
    "url": "https://www.youtube.com/watch?v=07xqkShHjJQ"
  },
  {
    "title": "Lot 90",
    "videoId": "wHaV8c14NHE",
    "url": "https://www.youtube.com/watch?v=wHaV8c14NHE"
  },
  {
    "title": "Lot 91",
    "videoId": "fOx6ZTz0N5U",
    "url": "https://www.youtube.com/watch?v=fOx6ZTz0N5U"
  },
  {
    "title": "Lot 92",
    "videoId": "cZYuowYE6wk",
    "url": "https://www.youtube.com/watch?v=cZYuowYE6wk"
  },
  {
    "title": "Lot 94",
    "videoId": "mgxVrl64qCY",
    "url": "https://www.youtube.com/watch?v=mgxVrl64qCY"
  },
  {
    "title": "Lot 95",
    "videoId": "M7dUxfQ4214",
    "url": "https://www.youtube.com/watch?v=M7dUxfQ4214"
  },
  {
    "title": "Lot 96",
    "videoId": "0E_SJpo_8Oo",
    "url": "https://www.youtube.com/watch?v=0E_SJpo_8Oo"
  },
  {
    "title": "Lot 97",
    "videoId": "wpc1Y3yV6lw",
    "url": "https://www.youtube.com/watch?v=wpc1Y3yV6lw"
  },
  {
    "title": "Lot 98",
    "videoId": "kf-3nFmxCG8",
    "url": "https://www.youtube.com/watch?v=kf-3nFmxCG8"
  },
  {
    "title": "Lot 99",
    "videoId": "MOmBvLerqGI",
    "url": "https://www.youtube.com/watch?v=MOmBvLerqGI"
  },
  {
    "title": "Lot 100",
    "videoId": "Mz9Az4hiM2M",
    "url": "https://www.youtube.com/watch?v=Mz9Az4hiM2M"
  },
  {
    "title": "Lot 101",
    "videoId": "EfQxrWCE3Jc",
    "url": "https://www.youtube.com/watch?v=EfQxrWCE3Jc"
  },
  {
    "title": "Lot 102",
    "videoId": "FT3LcVozyOc",
    "url": "https://www.youtube.com/watch?v=FT3LcVozyOc"
  },
  {
    "title": "Lot 103",
    "videoId": "CjznY38TEFU",
    "url": "https://www.youtube.com/watch?v=CjznY38TEFU"
  },
  {
    "title": "Lot 104",
    "videoId": "T8wKT571wwM",
    "url": "https://www.youtube.com/watch?v=T8wKT571wwM"
  },
  {
    "title": "Lot 105",
    "videoId": "WC1UXTR6zG0",
    "url": "https://www.youtube.com/watch?v=WC1UXTR6zG0"
  },
  {
    "title": "Lot 106",
    "videoId": "HKfP6baO1fw",
    "url": "https://www.youtube.com/watch?v=HKfP6baO1fw"
  },
  {
    "title": "Lot 107",
    "videoId": "Y9VtxsA1LDU",
    "url": "https://www.youtube.com/watch?v=Y9VtxsA1LDU"
  },
  {
    "title": "Lot 108",
    "videoId": "uocViEVZEsE",
    "url": "https://www.youtube.com/watch?v=uocViEVZEsE"
  },
  {
    "title": "Lot 109",
    "videoId": "NZPEskjzYLU",
    "url": "https://www.youtube.com/watch?v=NZPEskjzYLU"
  },
  {
    "title": "Lot 110",
    "videoId": "xFRsJAesabc",
    "url": "https://www.youtube.com/watch?v=xFRsJAesabc"
  },
  {
    "title": "Lot 1",
    "videoId": "uGJIs7GIbzM",
    "url": "https://www.youtube.com/watch?v=uGJIs7GIbzM"
  }
]