[
  {
    "title": "B 315",
    "videoId": "C1SghfPIeY0",
    "publishedAt": "2024-02-11T02:03:00Z",
    "url": "https://www.youtube.com/watch?v=C1SghfPIeY0"
  },
  {
    "title": "R 337",
    "videoId": "5XemLVgGom4",
    "publishedAt": "2024-02-11T01:57:36Z",
    "url": "https://www.youtube.com/watch?v=5XemLVgGom4"
  },
  {
    "title": "R 326",
    "videoId": "Min61TA5WwQ",
    "publishedAt": "2024-02-11T01:55:16Z",
    "url": "https://www.youtube.com/watch?v=Min61TA5WwQ"
  },
  {
    "title": "R 353",
    "videoId": "BuNG1edoBo8",
    "publishedAt": "2024-02-11T01:41:44Z",
    "url": "https://www.youtube.com/watch?v=BuNG1edoBo8"
  },
  {
    "title": "R 340",
    "videoId": "KWxJgCndt5w",
    "publishedAt": "2024-02-11T01:35:14Z",
    "url": "https://www.youtube.com/watch?v=KWxJgCndt5w"
  },
  {
    "title": "R 302",
    "videoId": "Yg9eB_PNbqE",
    "publishedAt": "2024-02-11T01:32:01Z",
    "url": "https://www.youtube.com/watch?v=Yg9eB_PNbqE"
  },
  {
    "title": "B 328",
    "videoId": "mMt6Zt6vqGc",
    "publishedAt": "2024-02-11T01:21:47Z",
    "url": "https://www.youtube.com/watch?v=mMt6Zt6vqGc"
  },
  {
    "title": "B 307",
    "videoId": "4cw3vWHt2WY",
    "publishedAt": "2024-02-11T00:59:28Z",
    "url": "https://www.youtube.com/watch?v=4cw3vWHt2WY"
  },
  {
    "title": "B 389",
    "videoId": "1h4BacndYB4",
    "publishedAt": "2024-02-11T00:49:57Z",
    "url": "https://www.youtube.com/watch?v=1h4BacndYB4"
  },
  {
    "title": "R 355",
    "videoId": "v_tcAxYAd6E",
    "publishedAt": "2024-02-11T00:38:41Z",
    "url": "https://www.youtube.com/watch?v=v_tcAxYAd6E"
  },
  {
    "title": "R 328",
    "videoId": "r80PV2qCK-A",
    "publishedAt": "2024-02-11T00:36:49Z",
    "url": "https://www.youtube.com/watch?v=r80PV2qCK-A"
  },
  {
    "title": "R 314",
    "videoId": "KFwGksMV0bo",
    "publishedAt": "2024-02-11T00:18:40Z",
    "url": "https://www.youtube.com/watch?v=KFwGksMV0bo"
  }
]